,City,Cloudiness,Country,Date,Humidity,Lat,Lng,Max Temp,Wind Speed
0,Marienburg,20,SR,1554671112,58,5.85,-55.02,302.15,5.1
1,Lebu,8,CL,1554671404,93,-37.62,-73.65,287.26,5.02
2,Yellowknife,90,CA,1554671268,86,62.46,-114.35,272.04,4.6
3,Bombay,0,NZ,1554671584,87,-37.17,174.98,289.82,1.5
4,East London,64,ZA,1554671425,100,-33.02,27.91,295.11,9.17
5,Sept-Iles,75,CA,1554671790,23,50.2,-66.38,270.37,7.7
6,Iqaluit,75,CA,1554670924,85,63.75,-68.51,268.15,9.3
7,Uhlove,32,UA,1554671877,80,44.82,33.6,283.26,2.97
8,Lompoc,1,US,1554671128,60,34.64,-120.46,300.37,7.2
9,Ponta do Sol,20,PT,1554671285,67,32.67,-17.1,289.15,2.1
10,Rikitea,88,PF,1554671381,100,-23.12,-134.97,298.26,2.87
11,Tazovskiy,92,RU,1554671878,93,67.47,78.7,270.96,4.27
12,Ushuaia,75,AR,1554667200,77,-54.8,-68.3,279.15,11.3
13,Porteirinha,32,BR,1554671878,77,-15.74,-43.03,298.71,1.22
14,Fortuna,75,US,1554671380,100,40.6,-124.16,290.37,7.2
15,Kodiak,90,US,1554667200,93,57.79,-152.41,280.15,5.7
16,Vaini,75,TO,1554667200,94,-21.2,-175.2,300.15,3.1
17,Hasaki,75,JP,1554671263,61,35.73,140.83,283.15,5.7
18,Westport,1,US,1554671743,50,41.14,-73.36,290.93,5.7
19,Albany,75,US,1554671043,42,42.65,-73.76,292.59,2.6
20,Hami,88,CN,1554671879,68,42.8,93.45,279.51,0.62
21,Rorvik,20,NO,1554671402,59,64.86,11.24,276.15,4.1
22,Bulembu,100,SZ,1554671708,93,-25.97,31.13,295.37,4.6
23,Bengkulu,36,ID,1554671215,100,-3.8,102.27,300.11,2.47
24,Atuona,24,PF,1554671393,98,-9.8,-139.03,301.31,6.92
25,Georgetown,20,GY,1554667200,66,6.8,-58.16,302.15,6.2
26,Coihaique,75,CL,1554667200,87,-45.58,-72.07,289.15,2.6
27,Bokoro,0,TD,1554671881,37,12.38,17.06,299.76,1.92
28,Mount Isa,0,AU,1554669000,64,-20.73,139.5,294.15,3.72
29,Kirakira,80,SB,1554671459,100,-10.45,161.92,301.66,0.22
30,Denpasar,40,ID,1554669000,88,-8.65,115.22,300.15,2.6
31,Bandarbeyla,0,SO,1554671366,100,9.49,50.81,299.76,2.97
32,Saldanha,76,ZA,1554667200,93,-33.01,17.94,286.15,3.6
33,Juneau,90,US,1554666960,81,58.3,-134.42,282.15,6.2
34,Laguna,1,US,1554671152,56,38.42,-121.42,297.59,5.1
35,Shellbrook,90,CA,1554667200,86,53.22,-106.4,276.15,1.5
36,Busselton,0,AU,1554671110,63,-33.65,115.33,282.59,5.57
37,Qaanaaq,80,GL,1554671384,88,77.48,-69.36,267.81,5.87
38,Avarua,32,CK,1554669000,74,-21.21,-159.78,302.15,6.7
39,Cabo San Lucas,5,MX,1554671110,47,22.89,-109.91,300.93,4.6
40,Oranjemund,92,NA,1554671561,95,-28.55,16.43,289.26,0.62
41,Ribeira Grande,40,PT,1554667200,58,38.52,-28.7,287.15,8.2
42,Sinnamary,80,GF,1554671444,94,5.38,-52.95,300.06,5.37
43,Mweka,32,CD,1554671883,97,-4.85,21.57,294.51,1.02
44,Vao,100,NC,1554671416,100,-22.67,167.48,295.51,11.87
45,Dikson,48,RU,1554671394,100,73.51,80.55,262.71,2.47
46,Husavik,0,IS,1554667200,74,66.04,-17.34,276.15,2.1
47,Kapaa,40,US,1554671311,61,22.08,-159.32,300.15,3.1
48,Oriximina,24,BR,1554671884,83,-1.77,-55.87,301.76,0.87
49,Lagoa,48,PT,1554671415,100,39.05,-27.98,288.26,10.07
50,Namibe,0,AO,1554671463,100,-15.2,12.15,298.16,3.47
51,Ozernovskiy,76,RU,1554671884,83,51.5,156.52,273.26,5.37
52,Cidreira,92,BR,1554671199,96,-30.18,-50.21,293.61,3.72
53,Cape Town,20,ZA,1554670929,93,-33.93,18.42,290.93,3.1
54,Sawakin,0,SD,1554667200,57,19.11,37.33,299.15,3.1
55,Hobart,40,AU,1554671294,61,-42.88,147.33,283.15,3.6
56,Punta Arenas,75,CL,1554670949,88,-53.15,-70.92,282.15,5.1
57,Zhanaozen,80,KZ,1554671447,94,43.3,52.8,282.51,5.32
58,Thompson,90,CA,1554667200,45,55.74,-97.86,269.15,5.7
59,Poum,44,NC,1554671408,100,-20.23,164.02,298.51,6.72
60,Labuhan,32,ID,1554671886,100,-6.88,112.21,300.21,2.87
61,Cooma,0,AU,1554667200,75,-36.23,149.13,280.15,2.6
62,Barrow,1,US,1554666780,84,71.29,-156.79,257.15,5.7
63,Russell,1,US,1554670904,28,38.9,-98.86,296.48,8.2
64,Hithadhoo,56,MV,1554671395,100,-0.6,73.08,302.61,1.97
65,Bemidji,90,US,1554671554,93,47.47,-94.88,282.15,4.6
66,Teknaf,32,BD,1554671887,93,20.86,92.31,294.51,0.77
67,Taicheng,76,CN,1554671887,80,38.73,113.23,274.01,0.87
68,Port Alfred,20,ZA,1554671206,88,-33.59,26.89,292.59,2.24
69,Aklavik,40,CA,1554667200,56,68.22,-135.01,264.15,1.5
70,Taoudenni,0,ML,1554671610,31,22.68,-3.98,289.76,1.32
71,Aasiaat,36,GL,1554671887,86,68.71,-52.87,273.76,4.22
72,Marawi,36,PH,1554670840,90,8.0,124.29,298.15,1.79
73,Tiksi,56,RU,1554671376,76,71.69,128.87,267.36,5.07
74,Vila Franca do Campo,20,PT,1554671403,54,37.72,-25.43,287.15,6.7
75,Babati,20,TZ,1554671888,66,-4.22,35.75,293.51,3.02
76,Baculin,68,PH,1554671888,95,7.45,126.58,298.21,3.47
77,Port Macquarie,36,AU,1554671705,100,-31.43,152.92,290.93,0.5
78,Rocha,0,UY,1554671375,66,-34.48,-54.33,293.56,1.42
79,Iralaya,20,HN,1554667200,58,15.0,-83.23,303.15,2.6
80,Zhuhai,40,CN,1554671435,100,22.28,113.57,298.15,3.6
81,Cairns,75,AU,1554671180,83,-16.92,145.77,296.48,5.7
82,Nome,20,US,1554666780,58,64.5,-165.41,269.15,4.1
83,Goderich,88,CA,1554671830,68,43.75,-81.72,289.26,6.71
84,Puerto Ayora,20,EC,1554670923,70,-0.74,-90.35,302.15,6.2
85,Rockland,20,US,1554671883,44,42.13,-70.92,292.59,6.2
86,Andenes,75,NO,1554671695,100,69.31,16.12,273.15,3.1
87,Ilulissat,75,GL,1554666600,48,69.22,-51.1,277.15,6.2
88,Bathsheba,40,BB,1554667200,65,13.22,-59.52,301.15,9.8
89,Mahebourg,40,MU,1554671340,74,-20.41,57.7,300.15,5.1
90,Wattegama,0,LK,1554671890,91,6.8,81.48,297.36,1.52
91,Castro,88,BR,1554671218,86,-24.79,-50.01,294.51,1.52
92,Puerto Carreno,32,CO,1554671891,41,6.19,-67.49,304.86,1.17
93,Kyrylivka,56,UA,1554671891,86,46.38,35.37,282.86,8.47
94,Touros,40,BR,1554667200,74,-5.2,-35.46,302.15,5.7
95,Hoquiam,75,US,1554671405,76,46.98,-123.89,286.48,3.1
96,Hilo,1,US,1554671246,61,19.73,-155.09,299.15,4.1
97,Mandurah,0,AU,1554671891,76,-32.55,115.7,288.15,5.1
98,Tuktoyaktuk,75,CA,1554667200,77,69.45,-133.04,259.15,5.1
99,Lorengau,92,PG,1554671397,100,-2.02,147.27,299.91,1.62
100,Beterou,64,BJ,1554671892,96,9.2,2.26,297.01,3.12
101,Carnarvon,0,AU,1554667200,78,-24.87,113.63,296.15,5.1
102,Terrace Bay,90,CA,1554667200,93,48.78,-87.1,275.15,4.6
103,Ixtapa,5,MX,1554671732,54,20.7,-105.2,300.37,6.2
104,Sao Joao da Barra,0,BR,1554667200,66,-21.64,-41.05,303.15,7.2
105,Provideniya,0,RU,1554669000,67,64.38,-173.3,265.15,9.0
106,Paracuru,75,BR,1554671891,78,-3.41,-39.03,301.15,5.1
107,Anchorage,40,US,1554671304,60,61.22,-149.9,283.15,3.1
108,Vardo,75,NO,1554670200,79,70.37,31.11,269.15,5.1
109,Kodinsk,0,RU,1554671893,72,58.69,99.18,268.76,2.67
110,Dutse,32,NG,1554671893,35,11.76,9.34,303.61,4.72
111,Saint-Paul,75,RE,1554671814,69,-21.01,55.27,299.15,6.7
112,Vestmannaeyjar,12,IS,1554671435,91,63.44,-20.27,276.96,8.17
113,Yar-Sale,24,RU,1554671450,85,66.83,70.83,268.16,5.22
114,Port Elizabeth,0,ZA,1554667200,88,-33.92,25.57,292.15,6.7
115,De-Kastri,36,RU,1554671894,90,51.47,140.78,270.41,3.12
116,Springfield,1,US,1554671625,44,37.22,-93.3,301.48,3.6
117,Jamestown,1,US,1554671045,48,42.1,-79.24,293.71,6.2
118,Khatanga,24,RU,1554671392,72,71.97,102.5,260.06,4.82
119,Aykhal,64,RU,1554671895,77,66.0,111.5,264.31,1.82
120,Hermanus,0,ZA,1554670916,92,-34.42,19.23,290.93,0.45
121,Bardiyah,32,LY,1554671759,97,31.76,25.09,288.96,5.22
122,Doha,75,QA,1554669000,65,25.29,51.53,299.15,2.6
123,Timberlake,75,US,1554671879,64,37.32,-79.26,295.15,5.1
124,Maceio,75,BR,1554670800,83,-9.67,-35.74,299.15,3.1
125,Upernavik,20,GL,1554671411,83,72.79,-56.15,275.46,8.92
126,Saint-Philippe,0,RE,1554671106,65,-21.36,55.77,299.15,2.1
127,Banyumas,92,ID,1554671896,98,-7.51,109.29,300.41,0.87
128,Mananjary,92,MG,1554671896,100,-21.22,48.33,300.21,2.67
129,New Norfolk,40,AU,1554671354,61,-42.78,147.06,283.15,3.6
130,Kindu,36,CD,1554671452,94,-2.95,25.95,296.31,0.87
131,Klaksvik,64,FO,1554668400,95,62.23,-6.59,277.15,5.1
132,Mar del Plata,0,AR,1554671326,44,-38.0,-57.56,299.15,7.2
133,Chinhoyi,88,ZW,1554671897,60,-17.37,30.2,295.36,4.62
134,Shihezi,12,CN,1554671897,58,44.3,86.03,277.86,2.72
135,Broome,92,AU,1554669000,88,-17.97,122.23,300.15,4.67
136,Datong,20,CN,1554671898,58,40.09,113.29,273.56,1.47
137,Nyagan,8,RU,1554671898,89,62.14,65.39,272.56,3.32
138,Caravelas,0,BR,1554671475,96,-17.71,-39.25,301.61,6.02
139,Yongchang,0,CN,1554671579,84,30.04,119.73,292.04,1.17
140,Saskylakh,32,RU,1554671395,69,71.92,114.08,261.56,4.22
141,Leningradskiy,36,RU,1554671414,95,69.38,178.42,256.91,1.42
142,Aksarka,20,RU,1554671899,83,66.56,67.8,266.51,4.02
143,Dunedin,0,NZ,1554671637,72,-45.87,170.5,287.04,8.49
144,Kyren,92,RU,1554671899,94,51.68,102.14,268.81,0.97
145,Clyde River,76,CA,1554667200,78,70.47,-68.59,262.15,3.6
146,Butaritari,56,KI,1554671391,100,3.07,172.79,300.46,5.67
147,Vaitape,48,PF,1554671584,98,-16.52,-151.75,302.31,7.47
148,Yenotayevka,88,RU,1554671900,94,47.25,47.03,282.41,3.57
149,Matadi,36,CD,1554671900,93,-5.82,13.45,298.86,1.32
150,Talnakh,88,RU,1554671548,91,69.49,88.4,265.46,5.57
151,Beaverlodge,75,CA,1554667200,43,55.22,-119.44,283.15,7.2
152,Canico,20,PT,1554671885,67,32.63,-16.85,290.15,2.1
153,Hovd,80,MN,1554671553,82,48.01,91.64,269.86,3.77
154,Thap Than,0,TH,1554671901,92,15.46,99.89,295.16,1.02
155,Bethel,1,US,1554671368,50,41.37,-73.41,292.59,5.7
156,Hofn,88,IS,1554671407,100,64.25,-15.21,275.66,6.87
157,Grand Gaube,40,MU,1554671340,74,-20.01,57.66,300.15,5.1
158,Zhigansk,48,RU,1554671902,82,66.77,123.37,267.21,3.12
159,Tevaitoa,64,PF,1554671902,97,-16.78,-151.5,302.41,7.27
160,Bluff,0,NZ,1554670809,96,-46.6,168.33,279.26,3.62
161,Salalah,20,OM,1554666600,78,17.02,54.09,300.15,1.5
162,Caruray,8,PH,1554671903,100,10.31,119.01,299.56,3.37
163,Gwembe,32,ZM,1554671903,62,-16.5,27.61,297.01,3.67
164,Leh,80,IN,1554671406,87,34.17,77.58,260.51,0.47
165,Narsaq,88,GL,1554666600,88,60.92,-46.05,273.15,1.07
166,Ende,8,ID,1554671644,100,-8.84,121.66,300.36,2.72
167,Vestmanna,48,FO,1554670200,65,62.16,-7.17,278.15,5.7
168,Umm Kaddadah,0,SD,1554671575,17,13.6,26.69,294.16,2.87
169,Victor Harbor,75,AU,1554671801,77,-35.57,138.62,288.15,4.6
170,Sambava,80,MG,1554671904,100,-14.27,50.17,299.16,4.82
171,Cabo Rojo,75,PR,1554671835,69,18.09,-67.15,302.04,7.2
172,Harnosand,90,SE,1554671718,92,62.63,17.94,274.82,5.7
173,Kalmunai,8,LK,1554671436,100,7.42,81.82,296.41,1.32
174,Warri,68,NG,1554671705,81,5.52,5.75,300.66,3.42
175,Victoria,90,CA,1554671370,81,48.43,-123.37,287.59,1.5
176,Marystown,8,CA,1554670896,100,47.17,-55.15,275.37,11.67
177,Ganzhou,24,CN,1554671905,85,28.82,115.43,287.56,1.22
178,Te Anau,12,NZ,1554671383,76,-45.42,167.72,275.81,1.77
179,Oistins,40,BB,1554667200,65,13.07,-59.53,301.15,9.8
180,Buta,0,CD,1554671861,94,2.79,24.73,296.51,1.02
181,Hurricane,1,US,1554671832,23,37.18,-113.29,297.59,1.67
182,Ambilobe,48,MG,1554671623,79,-13.2,49.05,298.76,2.67
183,Nakasongola,0,UG,1554671906,83,1.31,32.46,294.61,2.87
184,Wheat Ridge,40,US,1554671717,14,39.77,-105.08,296.48,10.8
185,Bonavista,56,CA,1554671778,84,48.65,-53.11,273.71,3.58
186,Porto Seguro,20,BR,1554667200,78,-16.45,-39.06,301.15,4.6
187,Sumare,20,BR,1554671889,69,-22.82,-47.27,300.15,3.1
188,Bowen,8,AU,1554671886,93,-20.02,148.23,294.26,3.1
189,Nanortalik,8,GL,1554671367,98,60.14,-45.24,272.96,0.52
190,Dwarka,12,IN,1554671629,95,22.24,68.97,299.26,5.67
191,Cayenne,90,GF,1554669000,83,4.93,-52.33,299.15,4.1
192,Bredasdorp,0,ZA,1554670890,87,-34.53,20.04,289.82,1.0
193,Malkangiri,0,IN,1554671908,75,18.35,81.9,294.21,1.52
194,Tabuk,76,PH,1554671909,94,17.42,121.44,293.16,0.72
195,Guane,56,CU,1554671909,69,22.2,-84.09,300.26,3.02
196,Harper,32,LR,1554671611,100,4.38,-7.72,301.21,5.92
197,San Rafael,0,AR,1554671632,16,-34.62,-68.33,301.91,4.52
198,Jovellanos,20,CU,1554670200,66,22.8,-81.19,302.15,9.3
199,Mujiayingzi,0,CN,1554671797,49,42.12,118.78,269.06,1.92
200,Talhar,0,PK,1554671910,53,24.88,68.82,299.71,5.02
201,Broken Hill,0,AU,1554667200,58,-31.95,141.43,288.15,2.1
202,Polis,0,CY,1554671803,87,35.04,32.43,286.15,2.6
203,Rawson,20,AR,1554671461,66,-43.3,-65.1,293.51,4.82
204,Longyearbyen,20,SJ,1554666600,71,78.22,15.64,260.15,2.6
205,Kashi,0,CN,1554667200,13,39.45,75.98,288.15,4.0
206,Mpongwe,12,ZM,1554671911,58,-13.51,28.16,295.16,3.37
207,Sabang,48,ID,1554671911,100,5.89,95.32,301.61,3.82
208,Tuatapere,0,NZ,1554671406,96,-46.13,167.68,280.37,2.32
209,Moba,32,CN,1554671912,79,33.23,105.02,282.01,0.42
210,Pevek,36,RU,1554671912,100,69.7,170.31,255.21,2.62
211,Hambantota,64,LK,1554671423,100,6.12,81.12,301.16,2.32
212,Port Blair,0,IN,1554671320,100,11.67,92.75,302.21,1.32
213,Miri,75,MY,1554667200,100,4.41,114.01,297.15,1.0
214,Viedma,0,AR,1554671903,26,-40.81,-63.0,302.36,1.02
215,Mount Gambier,80,AU,1554667200,93,-37.83,140.77,285.15,3.6
216,Karratha,0,AU,1554671403,89,-20.74,116.85,295.96,1.27
217,Pangnirtung,90,CA,1554667200,63,66.15,-65.71,270.15,3.1
218,Saint-Pierre,0,RE,1554671814,73,-21.34,55.48,298.15,2.1
219,Whitefish,90,US,1554671799,87,48.41,-114.34,282.04,3.6
220,Remedios,75,CU,1554670200,51,22.49,-79.55,303.15,9.3
221,Nantucket,1,US,1554671125,81,41.28,-70.1,285.37,4.1
222,Akoupe,92,CI,1554671914,97,6.39,-3.9,295.61,0.77
223,Sioux Lookout,90,CA,1554667200,100,50.1,-91.92,276.15,2.6
224,Narok,0,KE,1554671914,76,-1.08,35.86,290.11,3.07
225,Muzhi,92,RU,1554671914,88,65.37,64.67,270.86,0.57
226,Yulara,20,AU,1554667200,42,-25.24,130.99,291.15,3.6
227,Manta,20,EC,1554667200,74,-0.95,-80.73,301.15,5.1
228,San Vicente,92,AR,1554671915,75,-26.62,-54.13,294.71,1.62
229,Salinas,1,US,1554671739,59,36.68,-121.66,298.71,2.6
230,Jiangyou,56,CN,1554671915,67,31.77,104.72,287.11,2.42
231,Berlevag,75,NO,1554670200,79,70.86,29.09,272.15,5.1
232,Lavrentiya,0,RU,1554671388,96,65.58,-171.0,263.01,17.32
233,Kenai,40,US,1554671524,52,60.55,-151.26,282.59,3.6
234,Innisfail,56,AU,1554671753,97,-17.53,146.03,291.48,2.68
235,Sakaiminato,75,JP,1554671890,87,35.55,133.23,283.15,2.6
236,Siguiri,48,GN,1554671916,32,11.42,-9.17,303.46,3.47
237,San Policarpo,100,PH,1554671917,100,12.18,125.51,298.21,3.87
238,Sarangani,8,PH,1554671456,100,5.4,125.46,300.41,1.92
239,Shaunavon,36,CA,1554671895,36,49.65,-108.42,286.36,7.72
240,Batticaloa,12,LK,1554671583,100,7.71,81.69,299.26,2.02
241,Esperance,90,AU,1554667200,87,-33.87,121.9,286.15,2.62
242,Kumo,0,NG,1554671917,43,10.04,11.21,302.01,0.97
243,Souillac,40,MU,1554671340,74,-20.52,57.52,300.15,5.1
244,Kudahuvadhoo,68,MV,1554671592,100,2.67,72.89,300.81,1.67
245,Kahului,90,US,1554671083,64,20.89,-156.47,299.26,3.1
246,Noumea,20,NC,1554669000,82,-22.28,166.46,293.15,6.27
247,Coquimbo,75,CL,1554667200,77,-29.95,-71.34,290.15,4.1
248,Auki,44,SB,1554671918,100,-8.77,160.7,299.91,0.77
249,Shima,20,CN,1554667200,100,24.45,117.81,292.15,1.0
250,Svetlogorsk,64,BY,1554671918,69,52.63,29.73,282.66,2.42
251,Tasiilaq,92,GL,1554666600,55,65.61,-37.64,274.15,10.3
252,Omsukchan,48,RU,1554671429,88,62.53,155.8,267.46,1.62
253,Chake Chake,48,TZ,1554671919,98,-5.25,39.77,302.21,5.97
254,Axim,32,GH,1554671919,95,4.87,-2.24,302.06,6.37
255,Luba,20,GQ,1554667200,94,3.46,8.55,300.15,2.77
256,Takoradi,88,GH,1554671429,93,4.88,-1.76,301.66,4.37
257,Linden,75,GY,1554667200,58,6.0,-58.3,302.15,6.2
258,Geraldton,0,AU,1554669000,87,-28.77,114.6,285.15,3.6
259,Roebourne,0,AU,1554671836,89,-20.78,117.13,295.96,1.27
260,Maniitsoq,92,GL,1554671895,93,65.42,-52.9,272.91,0.52
261,Baykit,8,RU,1554671556,83,61.67,96.37,263.61,2.82
262,Chuy,0,UY,1554671417,83,-33.7,-53.46,293.81,1.67
263,Erdenet,80,MN,1554671920,81,49.03,104.08,267.91,1.17
264,Pandamatenga,48,BW,1554671920,65,-18.53,25.63,294.71,4.17
265,Torbay,90,CA,1554671304,74,47.67,-52.73,274.82,5.1
266,Vila Velha,20,BR,1554671054,74,-20.33,-40.29,302.15,7.2
267,Quelimane,0,MZ,1554671921,92,-17.88,36.89,295.51,2.22
268,Coffs Harbour,0,AU,1554671592,88,-30.3,153.13,292.15,2.6
269,Saint George,1,US,1554670920,19,37.1,-113.58,296.48,3.6
270,Touho,12,NC,1554671921,73,-20.78,165.23,294.66,3.17
271,Paamiut,8,GL,1554671429,93,61.99,-49.67,273.86,1.77
272,Mitsamiouli,20,KM,1554667200,78,-11.38,43.28,301.15,1.0
273,Gorin,76,RU,1554671922,83,51.2,136.67,268.16,1.02
274,Alizai,0,PK,1554671922,69,33.54,70.35,280.96,1.57
275,Khandyga,12,RU,1554671922,79,62.67,135.6,263.76,1.12
276,Las Palmas,80,PA,1554671560,99,8.13,-81.45,307.59,0.62
277,Tura,24,IN,1554671923,94,25.52,90.22,290.81,2.47
278,Altamont,90,US,1554671825,41,42.21,-121.74,289.15,9.3
279,Fare,64,PF,1554671923,97,-16.7,-151.02,302.41,7.27
280,Pangody,68,RU,1554671415,85,65.85,74.49,267.36,4.57
281,Kungurtug,80,RU,1554671924,77,50.6,97.52,265.66,2.77
282,Coos Bay,90,US,1554671424,93,43.37,-124.22,287.04,6.7
283,Ugoofaaru,0,MV,1554671833,100,5.67,73.0,302.46,0.62
284,Badarpur,48,IN,1554671924,96,24.9,92.6,289.41,0.77
285,Am Timan,0,TD,1554671924,26,11.03,20.28,299.16,2.42
286,Iskateley,92,RU,1554671609,92,67.68,53.15,271.21,1.37
287,Guerrero Negro,0,MX,1554671592,48,27.98,-114.06,298.56,5.82
288,Gallup,1,US,1554670380,19,35.53,-108.74,293.15,3.6
289,Firovo,68,RU,1554671925,75,57.48,33.7,275.36,4.47
290,Ust-Barguzin,8,RU,1554671925,55,53.45,108.98,258.01,0.87
291,Nandurbar,0,IN,1554671925,62,21.37,74.25,296.21,2.82
292,Daru,68,PG,1554671425,100,-9.08,143.21,299.76,3.37
293,College,1,US,1554671316,41,64.86,-147.8,283.71,2.6
294,Elliot Lake,90,CA,1554667200,87,46.38,-82.63,279.15,7.2
295,Tual,0,ID,1554671905,99,-5.67,132.75,301.86,2.52
296,Kruisfontein,20,ZA,1554671405,77,-34.0,24.73,292.61,6.92
297,Richards Bay,56,ZA,1554671926,96,-28.78,32.04,291.36,1.17
298,Ulladulla,0,AU,1554670745,76,-35.35,150.47,287.04,2.6
299,Bjerringbro,0,DK,1554671704,70,56.38,9.66,280.37,3.1
300,Severo-Kurilsk,88,RU,1554671373,95,50.68,156.12,273.51,10.87
301,Arraial do Cabo,0,BR,1554667200,83,-22.97,-42.03,303.15,5.1
302,Honiara,76,SB,1554671473,98,-9.43,159.95,298.06,1.12
303,Laurel,90,US,1554671914,59,39.1,-76.85,295.37,6.2
304,Anadyr,0,RU,1554670949,65,64.75,177.48,260.15,5.0
305,Norman Wells,90,CA,1554667200,68,65.28,-126.83,271.15,3.1
306,Villamontes,0,BO,1554671928,59,-21.25,-63.5,296.36,1.22
307,Concordia,20,AR,1554671812,53,-31.39,-58.02,298.15,3.6
308,Kolondieba,8,ML,1554671928,45,11.09,-6.89,300.06,2.77
309,Eldama Ravine,0,KE,1554671928,83,0.05,35.73,287.21,1.22
310,Tabou,24,CI,1554671559,100,4.42,-7.35,301.76,6.27
311,Saint Anthony,90,US,1554671391,87,45.02,-93.22,289.26,3.6
312,Porto Novo,40,CV,1554667200,64,17.02,-25.06,295.15,9.8
313,Sorland,20,NO,1554670200,63,67.67,12.69,272.15,3.1
314,Zheleznodorozhnyy,20,RU,1554671145,80,55.75,38.0,278.15,2.0
315,Beyneu,92,KZ,1554671929,64,45.32,55.2,283.36,3.72
316,Kavieng,80,PG,1554671410,100,-2.57,150.8,299.71,2.67
317,Tatvan,88,TR,1554671930,90,38.51,42.28,274.26,0.87
318,San Joaquin,48,VE,1554671432,59,10.26,-67.79,300.56,1.77
319,Mao,20,ES,1554669000,81,39.89,4.27,283.15,2.6
320,Awbari,0,LY,1554671440,31,26.59,12.78,292.96,4.77
321,Ustye,0,RU,1554671930,76,59.63,39.74,268.21,1.57
322,Bacolod,64,PH,1554671931,99,8.12,123.92,298.51,1.77
323,Yumen,92,CN,1554671931,74,40.28,97.2,278.91,6.97
324,Suez,88,EG,1554671931,86,29.97,32.53,290.36,1.32
325,Mareeba,75,AU,1554671778,83,-17.0,145.43,296.48,5.7
326,Moundou,32,TD,1554671658,37,8.57,16.08,305.61,7.02
327,Katsuura,75,JP,1554671119,71,35.13,140.3,284.26,6.7
328,Bambous Virieux,40,MU,1554671340,74,-20.34,57.76,300.15,5.1
329,Kaeo,8,NZ,1554671285,85,-35.1,173.78,288.15,1.34
330,Chimore,8,BO,1554671932,69,-16.98,-65.13,297.91,1.47
331,Xai-Xai,0,MZ,1554671932,100,-25.05,33.64,297.36,3.47
332,Sisimiut,92,GL,1554671932,88,66.94,-53.67,272.61,0.77
333,Itaituba,20,BR,1554667200,70,-4.28,-55.98,303.15,0.52
334,Deputatskiy,0,RU,1554671433,52,69.3,139.9,254.91,1.22
335,Two Rivers,90,US,1554671887,93,44.15,-87.57,283.71,2.1
336,Grindavik,75,IS,1554671217,100,63.84,-22.43,278.15,3.1
337,Alyangula,75,AU,1554667200,100,-13.85,136.42,296.15,2.1
338,Srednekolymsk,56,RU,1554671615,82,67.45,153.68,260.76,1.42
339,Lebyazhye,0,RU,1554671933,78,55.27,66.49,271.96,1.87
340,Balkanabat,36,TM,1554671933,75,39.51,54.37,285.66,1.07
341,Zeya,0,RU,1554671440,68,53.75,127.27,268.26,1.87
342,Hobyo,0,SO,1554671608,91,5.35,48.53,298.11,3.22
343,Ketchikan,90,US,1554666960,87,55.34,-131.65,282.15,10.3
344,Port Lincoln,92,AU,1554671399,96,-34.73,135.87,290.81,7.52
345,Boa Vista,40,BR,1554670800,30,2.82,-60.67,309.15,4.6
346,Ancud,75,CL,1554667200,77,-41.87,-73.82,291.15,5.1
347,Carutapera,92,BR,1554671506,94,-1.2,-46.02,299.46,1.97
348,Ahipara,76,NZ,1554671400,85,-35.17,173.17,290.66,7.12
349,Rio Gallegos,75,AR,1554667200,57,-51.62,-69.22,284.15,3.6
350,Beloha,8,MG,1554671390,71,-25.17,45.05,297.46,5.02
351,Aktash,48,RU,1554671935,79,50.3,87.73,260.21,0.92
352,Chuzhou,0,CN,1554671598,84,32.32,118.3,288.71,4.32
353,Chokurdakh,64,RU,1554671399,75,70.63,147.92,261.91,1.42
354,Puerto Baquerizo Moreno,40,EC,1554667200,74,-0.9,-89.6,302.15,3.1
355,Ann Arbor,90,US,1554671704,55,42.28,-83.74,293.71,4.6
356,Windhoek,0,NA,1554667200,68,-22.56,17.08,294.15,1.0
357,Maragogi,64,BR,1554671936,90,-9.01,-35.22,299.41,2.92
358,Melun,0,FR,1554671861,70,48.53,2.67,286.15,3.1
359,Kirovskiy,68,RU,1554671936,81,45.09,133.51,270.46,1.17
360,Luderitz,0,NA,1554671362,88,-26.65,15.16,288.26,6.37
361,Havelock,75,US,1554671829,56,34.88,-76.9,296.48,3.1
362,Meulaboh,64,ID,1554671426,100,4.14,96.13,299.86,1.37
363,Mahibadhoo,92,MV,1554671832,100,3.78,72.97,302.56,1.57
364,Onguday,76,RU,1554671937,87,50.75,86.15,265.76,0.87
365,Pozhva,92,RU,1554671938,91,59.09,56.08,275.71,6.27
366,Eyl,0,SO,1554671577,100,7.98,49.82,297.91,2.67
367,Nagorsk,88,RU,1554671938,98,59.32,50.81,274.66,6.62
368,Rio Grande,75,BR,1554667200,60,-32.03,-52.1,296.15,3.1
369,Havre-Saint-Pierre,75,CA,1554667200,45,50.23,-63.6,269.15,8.7
370,Gangapur,0,IN,1554671938,74,26.48,76.72,292.71,1.17
371,Roseto degli Abruzzi,40,IT,1554671891,81,42.67,14.02,286.48,1.0
372,Inhambane,88,MZ,1554671386,91,-23.86,35.38,298.76,4.57
373,Gushikawa,20,JP,1554670949,94,26.35,127.87,295.15,0.5
374,Flinders,0,AU,1554671535,76,-34.58,150.86,293.71,2.6
375,Isangel,0,VU,1554671939,100,-19.55,169.27,298.31,4.52
376,Lawton,1,US,1554671706,60,34.61,-98.39,297.15,4.1
377,Portobelo,40,PA,1554671774,55,9.55,-79.65,306.15,4.1
378,Batsfjord,75,NO,1554670200,79,70.63,29.72,272.15,5.1
379,Alamogordo,1,US,1554671899,13,32.9,-105.96,300.15,5.7
380,Umm Lajj,12,SA,1554671940,71,25.02,37.27,294.56,1.87
381,Clevelandia,88,BR,1554671941,88,-26.4,-52.47,292.86,2.22
382,Maneadero,64,MX,1554671688,76,31.72,-116.57,293.71,1.34
383,Codrington,44,AU,1554670807,100,-38.27,141.97,284.82,7.22
384,Saint-Augustin,88,CA,1554671597,100,51.23,-58.65,271.26,4.92
385,Brae,0,GB,1554670200,65,60.4,-1.35,279.15,11.8
386,The Pas,90,CA,1554670620,92,53.83,-101.25,269.15,3.1
387,Along,76,IN,1554671613,79,28.17,94.77,287.11,0.77
388,Camacha,20,PT,1554670800,63,33.08,-16.33,290.15,5.7
389,Seguela,56,CI,1554671942,100,7.96,-6.67,295.96,2.77
390,Rehoboth,0,NA,1554671942,71,-23.32,17.08,283.01,1.27
391,Moussoro,0,TD,1554671943,51,13.64,16.49,299.86,1.07
392,San Quintin,0,MX,1554671213,33,30.48,-115.95,298.16,3.12
393,Astoria,90,US,1554671815,76,46.19,-123.83,286.48,3.6
394,Ust-Kuyga,0,RU,1554671443,53,70.02,135.6,255.21,1.27
395,Mingaora,64,PK,1554671819,100,34.78,72.36,281.61,0.82
396,Kamenka,0,RU,1554671020,88,51.32,42.77,275.93,0.45
397,Mundo Nuevo,0,MX,1554671943,55,18.7,-95.5,307.26,2.97
398,Carndonagh,40,IE,1554670200,87,55.25,-7.27,281.15,3.6
399,Akdepe,0,TM,1554669000,66,42.06,59.38,284.15,3.1
400,Gararu,92,BR,1554671944,61,-9.97,-37.08,301.71,5.22
401,Glenwood Springs,1,US,1554671705,26,39.55,-107.32,290.15,6.7
402,Fukue,92,JP,1554671945,100,32.69,128.84,289.41,5.57
403,Tashtagol,0,RU,1554671945,81,52.77,87.89,263.11,0.97
404,Eagle Pass,1,US,1554670500,34,28.71,-100.5,301.15,3.6
405,Adrar,0,DZ,1554667200,13,27.87,-0.29,294.15,3.6
406,Monroe,90,US,1554671416,88,32.51,-92.12,294.26,4.6
407,Monrovia,40,LR,1554669000,83,6.3,-10.8,300.15,6.12
408,Magistralnyy,20,RU,1554671914,70,56.17,107.45,260.96,1.32
409,Qaqortoq,24,GL,1554666600,96,60.72,-46.03,273.15,1.27
410,Yongan,64,CN,1554671385,57,39.7,113.69,275.16,1.07
411,Dickinson,1,US,1554671940,94,29.46,-95.05,294.82,1.5
412,Roseburg,90,US,1554671574,93,43.22,-123.34,288.15,3.62
413,Toktogul,64,KG,1554671946,63,41.87,72.94,272.96,1.22
414,Elk City,1,US,1554671255,36,35.41,-99.4,298.15,4.1
415,Boueni,0,YT,1554670800,78,-12.9,45.08,301.15,2.1
416,Kochinda,36,IN,1554671945,84,21.73,84.35,293.66,0.52
417,Sorong,56,ID,1554671947,100,-0.88,131.25,300.96,1.32
418,Slavonski Brod,40,HR,1554670800,93,45.16,18.02,285.15,1.0
419,Gornopravdinsk,0,RU,1554671947,80,60.05,69.9,271.31,4.47
420,Constitucion,0,CL,1554671322,86,-35.33,-72.42,290.01,2.87
421,South Venice,1,US,1554671911,74,27.05,-82.42,304.26,3.6
422,Asau,0,RO,1554670800,47,46.43,26.4,286.15,2.1
423,General Roca,0,AR,1554667200,25,-39.03,-67.58,304.15,2.1
424,Naze,0,JP,1554671579,100,28.37,129.48,294.06,5.27
425,Port Hedland,44,AU,1554669000,100,-20.32,118.57,299.15,2.6
426,Chiredzi,68,ZW,1554671948,68,-21.05,31.67,297.46,2.72
427,Carlisle,40,US,1554671882,52,40.2,-77.19,294.26,1.5
428,Barra do Garcas,75,BR,1554667200,94,-15.89,-52.26,298.15,2.1
429,Negombo,20,LK,1554667800,74,7.21,79.84,301.15,1.5
430,Wencheng,8,CN,1554671949,82,33.06,113.8,288.71,2.92
431,Novoagansk,8,RU,1554671949,82,61.94,76.66,270.76,3.32
432,Lerwick,0,GB,1554670200,70,60.15,-1.15,279.15,12.9
433,Astana,0,KZ,1554669000,87,51.18,71.45,273.15,3.0
434,Amurzet,0,RU,1554671950,73,47.7,131.1,265.56,0.97
435,Baltasi,80,RU,1554671950,97,56.35,50.21,273.46,3.92
436,Cadca,20,SK,1554671782,81,49.44,18.79,283.71,1.0
437,Gambela,44,ET,1554671950,58,8.25,34.58,294.61,1.17
438,Nevinnomyssk,0,RU,1554669000,93,44.63,41.95,276.15,4.0
439,Leshukonskoye,44,RU,1554671951,84,64.9,45.76,271.36,1.72
440,Nuuk,40,GL,1554670200,60,64.18,-51.72,277.15,1.0
441,Rabo de Peixe,20,PT,1554671944,54,37.8,-25.58,287.15,6.7
442,Morondava,0,MG,1554671952,94,-20.28,44.28,299.71,1.42
443,Puerto Madryn,0,AR,1554671952,55,-42.77,-65.04,295.51,3.12
444,Camocim,32,BR,1554671691,95,-2.9,-40.84,298.06,2.97
445,Seryshevo,0,RU,1554671952,76,51.09,128.38,266.61,2.52
446,Basco,0,PH,1554671952,100,20.45,121.97,298.61,0.32
447,Kandrian,92,PG,1554671953,100,-6.22,149.55,295.81,1.52
448,Porto Walter,36,BR,1554671953,64,-8.27,-72.74,300.56,1.47
449,Miyakonojo,48,JP,1554670948,62,31.73,131.07,285.93,1.52
450,San Patricio,5,MX,1554669600,66,19.22,-104.7,302.15,5.1
451,San Jose,1,US,1554671832,60,37.34,-121.89,298.15,3.6
452,Namatanai,48,PG,1554671826,100,-3.67,152.43,299.41,4.32
453,La Ronge,90,CA,1554667200,86,55.1,-105.28,270.15,5.7
454,Alice Springs,0,AU,1554669000,48,-23.7,133.88,290.15,2.1
455,Sompeta,0,IN,1554671954,73,18.93,84.6,295.16,2.62
456,Talas,40,TR,1554670200,93,38.69,35.55,278.15,2.1
457,Grand-Lahou,48,CI,1554671954,74,5.14,-5.02,301.46,3.57
458,Porto Velho,75,BR,1554667200,78,-8.76,-63.9,301.15,4.1
459,Half Moon Bay,1,US,1554671345,82,37.46,-122.43,297.04,4.1
460,Thessalon,90,CA,1554670560,93,46.25,-83.57,279.15,4.6
461,Oussouye,0,SN,1554671955,71,12.48,-16.55,296.71,7.62
462,Mehamn,75,NO,1554670200,58,71.04,27.85,272.15,6.7
463,Mayumba,88,GA,1554671829,92,-3.43,10.66,301.01,2.32
464,San Martin,0,AR,1554670800,17,-33.08,-68.47,302.15,3.1
465,Faanui,64,PF,1554671419,100,-16.48,-151.75,302.11,7.72
466,Sao Filipe,0,CV,1554671399,95,14.9,-24.5,295.26,7.07
467,Tuensang,88,IN,1554671956,99,26.28,94.83,286.56,0.72
468,Aborlan,12,PH,1554671957,100,9.44,118.55,299.86,2.87
469,Sangar,8,RU,1554671957,74,63.92,127.47,263.76,1.62
470,Caraballeda,0,VE,1554671716,42,10.61,-66.85,300.37,7.37
471,Kaspiysk,75,RU,1554669000,93,42.88,47.64,283.15,2.0
472,Magog,90,CA,1554671795,61,45.27,-72.15,281.48,1.67
473,Moyale,8,KE,1554671957,71,3.52,39.06,293.71,1.62
474,Cherskiy,0,RU,1554671389,63,68.75,161.3,260.46,1.07
475,Northam,8,GB,1554671528,93,51.03,-4.22,281.48,0.5
476,Thinadhoo,12,MV,1554671832,100,0.53,72.93,301.96,0.57
477,Ler,0,SS,1554671958,50,8.3,30.14,296.86,1.02
478,Timizart,44,DZ,1554671938,87,36.8,4.27,285.37,2.27
479,Cedar City,1,US,1554670920,25,37.68,-113.06,293.15,1.5
480,Opuwo,0,NA,1554671437,40,-18.06,13.84,295.26,2.82
481,Isiro,24,CD,1554671445,97,2.77,27.62,293.76,0.92
482,Platonovka,0,RU,1554671959,76,52.71,41.95,271.61,1.22
483,Kazerun,92,IR,1554671959,87,29.62,51.65,287.91,1.77
484,La Plata,0,AR,1554671659,46,-34.92,-57.95,299.82,2.6
485,Estevan,1,CA,1554671659,28,49.13,-102.98,289.26,8.7
486,Pujili,75,EC,1554671726,62,-0.95,-78.68,288.15,8.2
487,Pacific Grove,1,US,1554671250,59,36.62,-121.92,298.71,2.6
488,Tiarei,20,PF,1554670945,66,-17.53,-149.33,304.82,4.1
489,Buala,48,SB,1554671960,100,-8.14,159.59,299.31,1.07
490,Pringsewu,32,ID,1554671960,91,-5.36,104.97,295.76,0.87
491,Egvekinot,12,RU,1554671448,78,66.32,-179.17,259.71,3.42
492,Antanifotsy,36,MG,1554671961,93,-19.65,47.32,287.61,1.52
493,Senanga,80,ZM,1554671961,85,-16.12,23.27,293.51,2.97
494,Chumikan,80,RU,1554671550,87,54.72,135.31,272.51,2.02
495,Raton,1,US,1554671713,13,36.9,-104.44,295.15,2.42
496,Ibipeba,76,BR,1554671961,77,-11.64,-42.01,298.46,1.87
497,Riyadh,20,SA,1554667200,44,24.69,46.72,298.15,4.1
498,Niamey,0,NE,1554667200,9,13.51,2.11,309.15,2.6
499,Ivoti,90,BR,1554671889,78,-29.59,-51.16,295.37,3.6
500,Kerouane,56,GN,1554671962,95,9.27,-9.02,294.91,1.07
501,Belyy Yar,0,RU,1554669000,63,53.6,91.39,271.15,4.0
502,Novosergiyevka,92,RU,1554671963,78,52.09,53.65,279.96,1.87
503,Tambovka,20,RU,1554669000,85,50.1,128.05,269.15,1.0
504,Lasa,20,IT,1554671460,92,46.62,10.7,283.15,1.0
505,Mednogorsk,36,RU,1554671963,82,51.41,57.59,273.56,3.07
506,Pisco,0,PE,1554667200,30,-13.7,-76.22,295.15,4.1
507,Mina,40,MX,1554671757,20,26.0,-100.53,304.15,4.1
508,Polewali,56,ID,1554671964,100,-3.43,119.34,298.86,0.77
509,Manokwari,76,ID,1554671964,100,-0.87,134.08,299.26,0.62
510,We,0,NC,1554671891,85,-20.92,167.26,298.26,2.77
511,Tieling,0,CN,1554671964,61,42.29,123.84,272.41,3.22
512,Beira,20,MZ,1554667200,73,-19.84,34.84,298.15,2.67
513,San Cristobal,40,VE,1554667200,52,7.77,-72.22,305.15,5.1
514,Ostersund,90,SE,1554671517,80,63.18,14.64,272.15,5.7
515,Atambua,0,ID,1554671965,100,-9.11,124.89,297.81,0.77
516,Kawalu,88,ID,1554671965,96,-7.38,108.21,293.11,0.87
517,Kununurra,44,AU,1554669000,83,-15.77,128.73,300.15,1.0
518,Padang,56,ID,1554671254,100,-0.95,100.35,300.61,2.97
519,Alofi,40,NU,1554667200,78,-19.06,-169.92,301.15,4.1
520,Abancay,64,PE,1554671966,58,-13.63,-72.88,286.46,0.97
521,Kiunga,8,PG,1554671966,96,-6.12,141.29,296.51,0.92
522,Oyama,75,JP,1554671762,85,36.3,139.8,286.48,8.2
523,Araioses,75,BR,1554667200,74,-2.89,-41.9,302.15,3.1
